{
    "best_cv_macro_f1": 0.5663373031801869,
    "best_hyperparameters": {
        "rf__n_estimators": 200,
        "rf__min_samples_split": 40,
        "rf__min_samples_leaf": 20,
        "rf__max_samples": 0.8,
        "rf__max_features": "log2",
        "rf__max_depth": 10,
        "rf__ccp_alpha": 0.0
    },
    "training_set_metrics": {
        "accuracy": 0.7561449711562578,
        "macro_f1": 0.6871176883905186,
        "macro_roc_auc_ovr": 0.9684326846145189
    },
    "training_set_classification_report": "              precision    recall  f1-score   support\n\n           0       0.67      1.00      0.80         8\n           1       0.42      0.95      0.58       375\n           2       0.44      0.75      0.56       699\n           3       0.99      0.70      0.82     11275\n           4       0.53      0.94      0.68      2008\n           5       0.58      0.85      0.69      1583\n\n    accuracy                           0.76     15948\n   macro avg       0.60      0.87      0.69     15948\nweighted avg       0.85      0.76      0.77     15948\n",
    "test_set_metrics": {
        "accuracy": 0.7174887892376681,
        "macro_f1": 0.619091834580874,
        "macro_roc_auc_ovr": 0.9020300954345576
    },
    "test_set_classification_report": "              precision    recall  f1-score   support\n\n           0       0.00      0.00      0.00         0\n           1       0.96      0.90      0.92        48\n           2       0.24      0.13      0.17        85\n           3       0.82      0.80      0.81       665\n           4       0.59      0.82      0.69       187\n           5       0.54      0.48      0.51       130\n\n    accuracy                           0.72      1115\n   macro avg       0.52      0.52      0.52      1115\nweighted avg       0.71      0.72      0.71      1115\n"
}