{
    "best_cv_macro_f1": 0.579599554217379,
    "best_hyperparameters": {
        "rf__n_estimators": 200,
        "rf__min_samples_split": 40,
        "rf__min_samples_leaf": 20,
        "rf__max_samples": 0.8,
        "rf__max_features": "log2",
        "rf__max_depth": 10,
        "rf__ccp_alpha": 0.0
    },
    "training_set_metrics": {
        "accuracy": 0.7673062452972159,
        "macro_f1": 0.7096456811153118,
        "macro_roc_auc_ovr": 0.9698717364570939
    },
    "training_set_classification_report": "              precision    recall  f1-score   support\n\n           0       0.73      1.00      0.84         8\n           1       0.44      0.96      0.60       375\n           2       0.50      0.77      0.60       699\n           3       0.99      0.72      0.83     11275\n           4       0.53      0.94      0.68      2008\n           5       0.58      0.87      0.70      1583\n\n    accuracy                           0.77     15948\n   macro avg       0.63      0.87      0.71     15948\nweighted avg       0.86      0.77      0.78     15948\n",
    "test_set_metrics": {
        "accuracy": 0.7237668161434978,
        "macro_f1": 0.6299100385206111,
        "macro_roc_auc_ovr": 0.9003217670976706
    },
    "test_set_classification_report": "              precision    recall  f1-score   support\n\n           0       0.00      0.00      0.00         0\n           1       0.98      0.90      0.93        48\n           2       0.36      0.14      0.20        85\n           3       0.81      0.81      0.81       665\n           4       0.59      0.80      0.68       187\n           5       0.55      0.50      0.52       130\n\n    accuracy                           0.72      1115\n   macro avg       0.55      0.52      0.52      1115\nweighted avg       0.71      0.72      0.71      1115\n"
}