{
    "test_accuracy": [
        0.6125560538116592
    ],
    "test_f1_macro": [
        0.42057277248671737
    ],
    "test_roc_auc_ovr": [
        NaN
    ],
    "test_classification_report": [
        "              precision    recall  f1-score   support\n\n     Class 0       0.00      0.00      0.00         0\n     Class 1       0.62      0.54      0.58        48\n     Class 2       0.18      0.18      0.18        85\n     Class 3       0.81      0.64      0.72       665\n     Class 4       0.45      0.86      0.59       187\n     Class 5       0.52      0.41      0.46       130\n\n    accuracy                           0.61      1115\n   macro avg       0.43      0.44      0.42      1115\nweighted avg       0.66      0.61      0.62      1115\n"
    ],
    "train_accuracy": [
        0.6209573091849935
    ],
    "train_f1_macro": [
        0.4552406445632758
    ],
    "train_roc_auc_ovr": [
        0.9305060999248639
    ],
    "train_classification_report": [
        "              precision    recall  f1-score   support\n\n     Class 0       0.04      1.00      0.08         8\n     Class 1       0.31      0.82      0.45       368\n     Class 2       0.15      0.73      0.25       656\n     Class 3       0.97      0.58      0.73     10892\n     Class 4       0.50      0.76      0.60      2008\n     Class 5       0.60      0.63      0.62      1528\n\n    accuracy                           0.62     15460\n   macro avg       0.43      0.75      0.46     15460\nweighted avg       0.82      0.62      0.67     15460\n"
    ],
    "val_accuracy": [
        0.7274590163934426
    ],
    "val_f1_macro": [
        0.5650342139063944
    ],
    "val_roc_auc_ovr": [
        NaN
    ],
    "val_classification_report": [
        "              precision    recall  f1-score   support\n\n     Class 0       0.00      0.00      0.00         0\n     Class 1       0.36      0.71      0.48         7\n     Class 2       0.28      0.65      0.39        43\n     Class 3       1.00      0.74      0.85       383\n     Class 4       0.00      0.00      0.00         0\n     Class 5       0.43      0.73      0.54        55\n\n    accuracy                           0.73       488\n   macro avg       0.35      0.47      0.38       488\nweighted avg       0.86      0.73      0.77       488\n"
    ],
    "count": 1
}