{
    "best_cv_macro_f1": 0.5701874728919818,
    "best_hyperparameters": {
        "rf__n_estimators": 200,
        "rf__min_samples_split": 40,
        "rf__min_samples_leaf": 20,
        "rf__max_samples": 0.8,
        "rf__max_features": "log2",
        "rf__max_depth": 10,
        "rf__ccp_alpha": 0.0
    },
    "training_set_metrics": {
        "accuracy": 0.7614747930775019,
        "macro_f1": 0.6954354888621284,
        "macro_roc_auc_ovr": 0.9700718211328003
    },
    "training_set_classification_report": "              precision    recall  f1-score   support\n\n           0       0.67      1.00      0.80         8\n           1       0.43      0.95      0.59       375\n           2       0.48      0.75      0.58       699\n           3       0.99      0.71      0.83     11275\n           4       0.52      0.94      0.67      2008\n           5       0.59      0.86      0.70      1583\n\n    accuracy                           0.76     15948\n   macro avg       0.61      0.87      0.70     15948\nweighted avg       0.86      0.76      0.78     15948\n",
    "test_set_metrics": {
        "accuracy": 0.7228699551569506,
        "macro_f1": 0.6216913443749583,
        "macro_roc_auc_ovr": 0.9042793822948394
    },
    "test_set_classification_report": "              precision    recall  f1-score   support\n\n           0       0.00      0.00      0.00         0\n           1       0.96      0.90      0.92        48\n           2       0.29      0.11      0.16        85\n           3       0.81      0.80      0.81       665\n           4       0.59      0.81      0.68       187\n           5       0.56      0.52      0.54       130\n\n    accuracy                           0.72      1115\n   macro avg       0.53      0.52      0.52      1115\nweighted avg       0.71      0.72      0.71      1115\n"
}