{
    "test_accuracy": [
        0.5973094170403588
    ],
    "test_f1_macro": [
        0.399011379653546
    ],
    "test_roc_auc_ovr": [
        NaN
    ],
    "test_classification_report": [
        "              precision    recall  f1-score   support\n\n     Class 0       0.00      0.00      0.00         0\n     Class 1       0.74      0.35      0.48        48\n     Class 2       0.18      0.19      0.18        85\n     Class 3       0.79      0.64      0.70       665\n     Class 4       0.43      0.83      0.57       187\n     Class 5       0.51      0.41      0.45       130\n\n    accuracy                           0.60      1115\n   macro avg       0.44      0.40      0.40      1115\nweighted avg       0.65      0.60      0.60      1115\n"
    ],
    "train_accuracy": [
        0.6164294954721863
    ],
    "train_f1_macro": [
        0.440655472566384
    ],
    "train_roc_auc_ovr": [
        0.9287698635937266
    ],
    "train_classification_report": [
        "              precision    recall  f1-score   support\n\n     Class 0       0.04      1.00      0.07         8\n     Class 1       0.26      0.84      0.39       368\n     Class 2       0.16      0.69      0.26       656\n     Class 3       0.97      0.58      0.72     10892\n     Class 4       0.50      0.76      0.60      2008\n     Class 5       0.58      0.62      0.60      1528\n\n    accuracy                           0.62     15460\n   macro avg       0.42      0.75      0.44     15460\nweighted avg       0.82      0.62      0.67     15460\n"
    ],
    "val_accuracy": [
        0.7561475409836066
    ],
    "val_f1_macro": [
        0.5581842433188174
    ],
    "val_roc_auc_ovr": [
        NaN
    ],
    "val_classification_report": [
        "              precision    recall  f1-score   support\n\n     Class 0       0.00      0.00      0.00         0\n     Class 1       0.27      0.57      0.36         7\n     Class 2       0.35      0.67      0.46        43\n     Class 3       1.00      0.77      0.87       383\n     Class 4       0.00      0.00      0.00         0\n     Class 5       0.43      0.73      0.54        55\n\n    accuracy                           0.76       488\n   macro avg       0.34      0.46      0.37       488\nweighted avg       0.87      0.76      0.79       488\n"
    ],
    "count": 1
}