{
    "test_accuracy": [
        0.6
    ],
    "test_f1_macro": [
        0.4037411003258589
    ],
    "test_roc_auc_ovr": [
        NaN
    ],
    "test_classification_report": [
        "              precision    recall  f1-score   support\n\n     Class 0       0.00      0.00      0.00         0\n     Class 1       0.70      0.40      0.51        48\n     Class 2       0.17      0.19      0.18        85\n     Class 3       0.79      0.64      0.71       665\n     Class 4       0.44      0.83      0.57       187\n     Class 5       0.52      0.40      0.45       130\n\n    accuracy                           0.60      1115\n   macro avg       0.44      0.41      0.40      1115\nweighted avg       0.65      0.60      0.61      1115\n"
    ],
    "train_accuracy": [
        0.6195989650711513
    ],
    "train_f1_macro": [
        0.44413750359632465
    ],
    "train_roc_auc_ovr": [
        0.9294698695863418
    ],
    "train_classification_report": [
        "              precision    recall  f1-score   support\n\n     Class 0       0.04      1.00      0.07         8\n     Class 1       0.27      0.83      0.40       368\n     Class 2       0.16      0.70      0.26       656\n     Class 3       0.97      0.58      0.73     10892\n     Class 4       0.50      0.76      0.60      2008\n     Class 5       0.58      0.62      0.60      1528\n\n    accuracy                           0.62     15460\n   macro avg       0.42      0.75      0.44     15460\nweighted avg       0.82      0.62      0.67     15460\n"
    ],
    "val_accuracy": [
        0.764344262295082
    ],
    "val_f1_macro": [
        0.5689656828702077
    ],
    "val_roc_auc_ovr": [
        NaN
    ],
    "val_classification_report": [
        "              precision    recall  f1-score   support\n\n     Class 0       0.00      0.00      0.00         0\n     Class 1       0.29      0.57      0.38         7\n     Class 2       0.36      0.67      0.47        43\n     Class 3       1.00      0.78      0.88       383\n     Class 4       0.00      0.00      0.00         0\n     Class 5       0.44      0.75      0.55        55\n\n    accuracy                           0.76       488\n   macro avg       0.35      0.46      0.38       488\nweighted avg       0.87      0.76      0.80       488\n"
    ],
    "count": 1
}