{
    "test_accuracy": [
        0.7461883408071749
    ],
    "test_f1_macro": [
        0.6175909357617979
    ],
    "test_roc_auc_ovr": [
        null
    ],
    "test_classification_report": [
        "              precision    recall  f1-score   support\n\n     Class 0       0.00      0.00      0.00         0\n     Class 1       1.00      0.46      0.63        48\n     Class 2       0.25      0.32      0.28        85\n     Class 3       0.84      0.84      0.84       665\n     Class 4       0.70      0.89      0.78       187\n     Class 5       0.69      0.47      0.56       130\n\n    accuracy                           0.75      1115\n   macro avg       0.58      0.49      0.51      1115\nweighted avg       0.76      0.75      0.75      1115\n"
    ],
    "train_accuracy": [
        0.6841526520051746
    ],
    "train_f1_macro": [
        0.5269922695629065
    ],
    "train_roc_auc_ovr": [
        0.9029272239632139
    ],
    "train_classification_report": [
        "              precision    recall  f1-score   support\n\n     Class 0       0.20      1.00      0.33         8\n     Class 1       0.25      0.87      0.39       368\n     Class 2       0.29      0.76      0.42       656\n     Class 3       0.97      0.65      0.78     10892\n     Class 4       0.50      0.80      0.62      2008\n     Class 5       0.56      0.71      0.63      1528\n\n    accuracy                           0.68     15460\n   macro avg       0.46      0.80      0.53     15460\nweighted avg       0.82      0.68      0.72     15460\n"
    ],
    "val_accuracy": [
        0.8073770491803278
    ],
    "val_f1_macro": [
        0.6825743888030968
    ],
    "val_roc_auc_ovr": [
        null
    ],
    "val_classification_report": [
        "              precision    recall  f1-score   support\n\n     Class 0       0.00      0.00      0.00         0\n     Class 1       0.86      0.86      0.86         7\n     Class 2       0.33      0.49      0.39        43\n     Class 3       0.99      0.85      0.92       383\n     Class 4       0.00      0.00      0.00         0\n     Class 5       0.46      0.73      0.56        55\n\n    accuracy                           0.81       488\n   macro avg       0.44      0.49      0.46       488\nweighted avg       0.87      0.81      0.83       488\n"
    ],
    "count": 1
}