{
    "best_cv_macro_f1": 0.5683784991832912,
    "best_hyperparameters": {
        "rf__n_estimators": 200,
        "rf__min_samples_split": 40,
        "rf__min_samples_leaf": 20,
        "rf__max_samples": 0.8,
        "rf__max_features": "log2",
        "rf__max_depth": 10,
        "rf__ccp_alpha": 0.0
    },
    "training_set_metrics": {
        "accuracy": 0.758653122648608,
        "macro_f1": 0.6873092245894279,
        "macro_roc_auc_ovr": 0.9681903124477347
    },
    "training_set_classification_report": "              precision    recall  f1-score   support\n\n           0       0.67      1.00      0.80         8\n           1       0.43      0.95      0.59       375\n           2       0.43      0.71      0.54       699\n           3       0.99      0.71      0.83     11275\n           4       0.54      0.94      0.69      2008\n           5       0.57      0.86      0.69      1583\n\n    accuracy                           0.76     15948\n   macro avg       0.60      0.86      0.69     15948\nweighted avg       0.85      0.76      0.78     15948\n",
    "test_set_metrics": {
        "accuracy": 0.7183856502242153,
        "macro_f1": 0.6197269372263464,
        "macro_roc_auc_ovr": 0.9040168595943265
    },
    "test_set_classification_report": "              precision    recall  f1-score   support\n\n           0       0.00      0.00      0.00         0\n           1       0.96      0.90      0.92        48\n           2       0.24      0.14      0.18        85\n           3       0.82      0.80      0.81       665\n           4       0.60      0.81      0.69       187\n           5       0.54      0.46      0.50       130\n\n    accuracy                           0.72      1115\n   macro avg       0.53      0.52      0.52      1115\nweighted avg       0.71      0.72      0.71      1115\n"
}